{
    "Linear": {
        "x0": "0",
        "y0": "0",
        "x1": "1",
        "y1": "1"
    },
    "EaseOut": {
        "x0": "0",
        "y0": "0",
        "x1": "0.58",
        "y1": "1"
    },
    "EaseOutSmooth": {
        "x0": "0",
        "y0": "0.35",
        "x1": "0.15",
        "y1": "1"
    },
    "EaseIn": {
        "x0": "0.25",
        "y0": "0.1",
        "x1": "0.25",
        "y1": "1"
    },
    "DrillIn": {
        "x0": "0.17",
        "y0": "0.17",
        "x1": "0",
        "y1": "1"
    },
    "BackToApp": {
        "x0": "0.5",
        "y0": "0",
        "x1": "0.6",
        "y1": "1"
    },
    "AppToApp": {
        "x0": "0.5",
        "y0": "0",
        "x1": "1",
        "y1": "0.9"
    },
    "FastIn": {
        "x0": "0.1",
        "y0": "0.9",
        "x1": "0.2",
        "y1": "1"
    },
    "FastOut": {
        "x0": "0.9",
        "y0": "0.1",
        "x1": "1",
        "y1": "0.2"
    },
    "FastInOut": {
        "x0": "0.8",
        "y0": "0",
        "x1": "0.2",
        "y1": "1"
    },
    "Exponential": {
        "x0": "0.1",
        "y0": "0.25",
        "x1": "0.75",
        "y1": "0.9"
    },
    "FastInFortySevenPercent": {
        "x0": "0.11",
        "y0": "0.5",
        "x1": "0.24",
        "y1": "0.96"
    },
    "ExponentialReversed": {
        "x0": "0.25",
        "y0": "0.1",
        "x1": "0.9",
        "y1": "0.75"
    },
    "NavPane": {
        "x0": "0.1",
        "y0": "0.7",
        "x1": "0.1",
        "y1": "1"
    }
}
